DATA;ANO;MÊS;MUNICÍPIO;PONTO;COLIFORMES;CLASSE
07/01/10;2010;JAN;NF;NF01;79;E
14/01/10;2010;JAN;NF;NF01;2;E
21/01/10;2010;JAN;NF;NF01;5;E
28/01/10;2010;JAN;NF;NF01;2;E
04/02/10;2010;FEV;NF;NF01;79;E
11/02/10;2010;FEV;NF;NF01;23;E
18/02/10;2010;FEV;NF;NF01;2;E
25/02/10;2010;FEV;NF;NF01;2;E
04/03/10;2010;MAR;NF;NF01;79;E
11/03/10;2010;MAR;NF;NF01;2;E
18/03/10;2010;MAR;NF;NF01;8;E
25/03/10;2010;MAR;NF;NF01;2;E
31/03/10;2010;MAR;NF;NF01;27;E
15/04/10;2010;ABR;NF;NF01;2;E
22/04/10;2010;ABR;NF;NF01;8;E
29/04/10;2010;ABR;NF;NF01;22;E
06/05/10;2010;MAI;NF;NF01;2;E
13/05/10;2010;MAI;NF;NF01;23;E
20/05/10;2010;MAI;NF;NF01;2;E
27/05/10;2010;MAI;NF;NF01;8;E
02/06/10;2010;JUN;NF;NF01;8;E
10/06/10;2010;JUN;NF;NF01;4;E
17/06/10;2010;JUN;NF;NF01;5;E
24/06/10;2010;JUN;NF;NF01;2;E
01/07/10;2010;JUL;NF;NF01;110;E
08/07/10;2010;JUL;NF;NF01;2;E
15/07/10;2010;JUL;NF;NF01;110;E
29/07/10;2010;JUL;NF;NF01;13;E
05/08/10;2010;AGO;NF;NF01;2;E
12/08/10;2010;AGO;NF;NF01;110;E
19/08/10;2010;AGO;NF;NF01;5;E
26/08/10;2010;AGO;NF;NF01;23;E
02/09/10;2010;SET;NF;NF01;70;E
09/09/10;2010;SET;NF;NF01;33;E
16/09/10;2010;SET;NF;NF01;2;E
23/09/10;2010;SET;NF;NF01;79;E
30/09/10;2010;SET;NF;NF01;11;E
07/10/10;2010;OUT;NF;NF01;2;E
14/10/10;2010;OUT;NF;NF01;2;E
21/10/10;2010;OUT;NF;NF01;5;E
28/10/10;2010;OUT;NF;NF01;2;E
04/11/10;2010;NOV;NF;NF01;23;E
11/11/10;2010;NOV;NF;NF01;2;E
18/11/10;2010;NOV;NF;NF01;2;E
25/11/10;2010;NOV;NF;NF01;2;E
02/12/10;2010;DEZ;NF;NF01;2;E
09/12/10;2010;DEZ;NF;NF01;2;E
30/12/10;2010;DEZ;NF;NF01;2;E
07/01/10;2010;JAN;NF;NF02;14;E
14/01/10;2010;JAN;NF;NF02;5;E
21/01/10;2010;JAN;NF;NF02;27;E
28/01/10;2010;JAN;NF;NF02;33;E
04/02/10;2010;FEV;NF;NF02;2;E
11/02/10;2010;FEV;NF;NF02;33;E
18/02/10;2010;FEV;NF;NF02;2;E
25/02/10;2010;FEV;NF;NF02;2;E
04/03/10;2010;MAR;NF;NF02;94;E
11/03/10;2010;MAR;NF;NF02;2;E
18/03/10;2010;MAR;NF;NF02;13;E
25/03/10;2010;MAR;NF;NF02;2;E
31/03/10;2010;MAR;NF;NF02;4;E
15/04/10;2010;ABR;NF;NF02;5;E
22/04/10;2010;ABR;NF;NF02;2;E
29/04/10;2010;ABR;NF;NF02;10;E
06/05/10;2010;MAI;NF;NF02;33;E
13/05/10;2010;MAI;NF;NF02;11;E
20/05/10;2010;MAI;NF;NF02;8;E
27/05/10;2010;MAI;NF;NF02;33;E
02/06/10;2010;JUN;NF;NF02;2;E
10/06/10;2010;JUN;NF;NF02;2;E
17/06/10;2010;JUN;NF;NF02;11;E
24/06/10;2010;JUN;NF;NF02;240;E
01/07/10;2010;JUL;NF;NF02;2;E
08/07/10;2010;JUL;NF;NF02;2;E
15/07/10;2010;JUL;NF;NF02;5;E
29/07/10;2010;JUL;NF;NF02;5;E
05/08/10;2010;AGO;NF;NF02;10;E
12/08/10;2010;AGO;NF;NF02;11;E
19/08/10;2010;AGO;NF;NF02;13;E
26/08/10;2010;AGO;NF;NF02;2;E
02/09/10;2010;SET;NF;NF02;79;E
09/09/10;2010;SET;NF;NF02;7;E
16/09/10;2010;SET;NF;NF02;13;E
23/09/10;2010;SET;NF;NF02;2;E
30/09/10;2010;SET;NF;NF02;4;E
07/10/10;2010;OUT;NF;NF02;2;E
14/10/10;2010;OUT;NF;NF02;2;E
21/10/10;2010;OUT;NF;NF02;2;E
28/10/10;2010;OUT;NF;NF02;2;E
04/11/10;2010;NOV;NF;NF02;2;E
11/11/10;2010;NOV;NF;NF02;2;E
18/11/10;2010;NOV;NF;NF02;2;E
25/11/10;2010;NOV;NF;NF02;2;E
02/12/10;2010;DEZ;NF;NF02;2;E
09/12/10;2010;DEZ;NF;NF02;2;E
30/12/10;2010;DEZ;NF;NF02;2;E
07/01/10;2010;JAN;NF;NF03;2;E
14/01/10;2010;JAN;NF;NF03;2;E
21/01/10;2010;JAN;NF;NF03;2;E
28/01/10;2010;JAN;NF;NF03;40;E
04/02/10;2010;FEV;NF;NF03;8;E
11/02/10;2010;FEV;NF;NF03;350;E
18/02/10;2010;FEV;NF;NF03;2;E
25/02/10;2010;FEV;NF;NF03;350;B
04/03/10;2010;MAR;NF;NF03;13;B
11/03/10;2010;MAR;NF;NF03;13;B
18/03/10;2010;MAR;NF;NF03;13;E
25/03/10;2010;MAR;NF;NF03;2;E
31/03/10;2010;MAR;NF;NF03;79;E
15/04/10;2010;ABR;NF;NF03;2;E
22/04/10;2010;ABR;NF;NF03;2;E
29/04/10;2010;ABR;NF;NF03;11;E
06/05/10;2010;MAI;NF;NF03;170;E
13/05/10;2010;MAI;NF;NF03;5;E
20/05/10;2010;MAI;NF;NF03;49;E
27/05/10;2010;MAI;NF;NF03;13;E
02/06/10;2010;JUN;NF;NF03;23;E
10/06/10;2010;JUN;NF;NF03;49;E
17/06/10;2010;JUN;NF;NF03;7;E
24/06/10;2010;JUN;NF;NF03;70;E
01/07/10;2010;JUL;NF;NF03;2;E
08/07/10;2010;JUL;NF;NF03;2;E
15/07/10;2010;JUL;NF;NF03;7;E
29/07/10;2010;JUL;NF;NF03;2;E
05/08/10;2010;AGO;NF;NF03;14;E
12/08/10;2010;AGO;NF;NF03;17;E
19/08/10;2010;AGO;NF;NF03;2;E
26/08/10;2010;AGO;NF;NF03;8;E
02/09/10;2010;SET;NF;NF03;27;E
09/09/10;2010;SET;NF;NF03;13;E
16/09/10;2010;SET;NF;NF03;14;E
23/09/10;2010;SET;NF;NF03;2;E
30/09/10;2010;SET;NF;NF03;5;E
07/10/10;2010;OUT;NF;NF03;2;E
14/10/10;2010;OUT;NF;NF03;2;E
21/10/10;2010;OUT;NF;NF03;8;E
28/10/10;2010;OUT;NF;NF03;5;E
04/11/10;2010;NOV;NF;NF03;2;E
11/11/10;2010;NOV;NF;NF03;11;E
18/11/10;2010;NOV;NF;NF03;2;E
25/11/10;2010;NOV;NF;NF03;2;E
02/12/10;2010;DEZ;NF;NF03;2;E
09/12/10;2010;DEZ;NF;NF03;2;E
30/12/10;2010;DEZ;NF;NF03;2;E
07/01/10;2010;JAN;NF;NF04;1100;I
14/01/10;2010;JAN;NF;NF04;130;S
21/01/10;2010;JAN;NF;NF04;2400;I
28/01/10;2010;JAN;NF;NF04;94;I
04/02/10;2010;FEV;NF;NF04;79;I
11/02/10;2010;FEV;NF;NF04;1600;I
18/02/10;2010;FEV;NF;NF04;140;I
25/02/10;2010;FEV;NF;NF04;1600;I
04/03/10;2010;MAR;NF;NF04;79;I
11/03/10;2010;MAR;NF;NF04;280;I
18/03/10;2010;MAR;NF;NF04;49;B
25/03/10;2010;MAR;NF;NF04;10;B
31/03/10;2010;MAR;NF;NF04;22;E
15/04/10;2010;ABR;NF;NF04;33;E
22/04/10;2010;ABR;NF;NF04;8;E
29/04/10;2010;ABR;NF;NF04;23;E
06/05/10;2010;MAI;NF;NF04;1100;I
13/05/10;2010;MAI;NF;NF04;130;E
20/05/10;2010;MAI;NF;NF04;33;E
27/05/10;2010;MAI;NF;NF04;49;E
02/06/10;2010;JUN;NF;NF04;23;E
10/06/10;2010;JUN;NF;NF04;27;E
17/06/10;2010;JUN;NF;NF04;33;E
24/06/10;2010;JUN;NF;NF04;1600;E
01/07/10;2010;JUL;NF;NF04;33;E
08/07/10;2010;JUL;NF;NF04;2;E
15/07/10;2010;JUL;NF;NF04;46;E
29/07/10;2010;JUL;NF;NF04;11;E
05/08/10;2010;AGO;NF;NF04;7;E
12/08/10;2010;AGO;NF;NF04;70;E
19/08/10;2010;AGO;NF;NF04;5;E
26/08/10;2010;AGO;NF;NF04;17;E
02/09/10;2010;SET;NF;NF04;2;E
09/09/10;2010;SET;NF;NF04;240;E
16/09/10;2010;SET;NF;NF04;23;E
23/09/10;2010;SET;NF;NF04;23;E
30/09/10;2010;SET;NF;NF04;17;E
07/10/10;2010;OUT;NF;NF04;11;E
14/10/10;2010;OUT;NF;NF04;23;E
21/10/10;2010;OUT;NF;NF04;23;E
28/10/10;2010;OUT;NF;NF04;22;E
04/11/10;2010;NOV;NF;NF04;23;E
11/11/10;2010;NOV;NF;NF04;2;E
18/11/10;2010;NOV;NF;NF04;2;E
25/11/10;2010;NOV;NF;NF04;5;E
02/12/10;2010;DEZ;NF;NF04;2;E
09/12/10;2010;DEZ;NF;NF04;350;E
30/12/10;2010;DEZ;NF;NF04;350;B
07/01/10;2010;JAN;PA;PA01;3500;I
14/01/10;2010;JAN;PA;PA01;170;I
21/01/10;2010;JAN;PA;PA01;350;I
28/01/10;2010;JAN;PA;PA01;350;B
04/02/10;2010;FEV;PA;PA01;350;B
11/02/10;2010;FEV;PA;PA01;2500;I
18/02/10;2010;FEV;PA;PA01;5400;I
25/02/10;2010;FEV;PA;PA01;540;I
04/03/10;2010;MAR;PA;PA01;1600;I
11/03/10;2010;MAR;PA;PA01;2400;I
18/03/10;2010;MAR;PA;PA01;1600;I
25/03/10;2010;MAR;PA;PA01;920;I
31/03/10;2010;MAR;PA;PA01;2400;I
15/04/10;2010;ABR;PA;PA01;330;I
22/04/10;2010;ABR;PA;PA01;220;I
29/04/10;2010;ABR;PA;PA01;790;I
06/05/10;2010;MAI;PA;PA01;35000;I
13/05/10;2010;MAI;PA;PA01;920;S
20/05/10;2010;MAI;PA;PA01;350;S
27/05/10;2010;MAI;PA;PA01;540;S
02/06/10;2010;JUN;PA;PA01;920;S
10/06/10;2010;JUN;PA;PA01;1700;S
17/06/10;2010;JUN;PA;PA01;790;S
24/06/10;2010;JUN;PA;PA01;16000;I
01/07/10;2010;JUL;PA;PA01;350;I
08/07/10;2010;JUL;PA;PA01;49;I
15/07/10;2010;JUL;PA;PA01;3500;I
29/07/10;2010;JUL;PA;PA01;540;I
05/08/10;2010;AGO;PA;PA01;130;I
12/08/10;2010;AGO;PA;PA01;130;I
19/08/10;2010;AGO;PA;PA01;130;S
26/08/10;2010;AGO;PA;PA01;1600;S
02/09/10;2010;SET;PA;PA01;70;E
09/09/10;2010;SET;PA;PA01;350;B
16/09/10;2010;SET;PA;PA01;33;B
23/09/10;2010;SET;PA;PA01;79;B
30/09/10;2010;SET;PA;PA01;170;E
07/10/10;2010;OUT;PA;PA01;220;E
14/10/10;2010;OUT;PA;PA01;33;E
21/10/10;2010;OUT;PA;PA01;170;E
28/10/10;2010;OUT;PA;PA01;130;E
04/11/10;2010;NOV;PA;PA01;350;E
11/11/10;2010;NOV;PA;PA01;33;E
18/11/10;2010;NOV;PA;PA01;23;E
25/11/10;2010;NOV;PA;PA01;49;E
02/12/10;2010;DEZ;PA;PA01;49;E
09/12/10;2010;DEZ;PA;PA01;70;E
30/12/10;2010;DEZ;PA;PA01;49;E
07/01/10;2010;JAN;PA;PA02;490;S
14/01/10;2010;JAN;PA;PA02;130;B
21/01/10;2010;JAN;PA;PA02;700;S
28/01/10;2010;JAN;PA;PA02;3500;I
04/02/10;2010;FEV;PA;PA02;70;S
11/02/10;2010;FEV;PA;PA02;2200;I
18/02/10;2010;FEV;PA;PA02;2400;I
25/02/10;2010;FEV;PA;PA02;170;I
04/03/10;2010;MAR;PA;PA02;170;I
11/03/10;2010;MAR;PA;PA02;170;I
18/03/10;2010;MAR;PA;PA02;220;E
25/03/10;2010;MAR;PA;PA02;49;E
31/03/10;2010;MAR;PA;PA02;2600;I
15/04/10;2010;ABR;PA;PA02;220;I
22/04/10;2010;ABR;PA;PA02;350;I
29/04/10;2010;ABR;PA;PA02;170;I
06/05/10;2010;MAI;PA;PA02;3000;I
13/05/10;2010;MAI;PA;PA02;70;B
20/05/10;2010;MAI;PA;PA02;140;B
27/05/10;2010;MAI;PA;PA02;79;E
02/06/10;2010;JUN;PA;PA02;130;E
10/06/10;2010;JUN;PA;PA02;350;E
17/06/10;2010;JUN;PA;PA02;94;E
24/06/10;2010;JUN;PA;PA02;3500;I
01/07/10;2010;JUL;PA;PA02;350;B
08/07/10;2010;JUL;PA;PA02;49;B
15/07/10;2010;JUL;PA;PA02;170;B
29/07/10;2010;JUL;PA;PA02;350;B
05/08/10;2010;AGO;PA;PA02;17;B
12/08/10;2010;AGO;PA;PA02;70;B
19/08/10;2010;AGO;PA;PA02;350;B
26/08/10;2010;AGO;PA;PA02;170;B
02/09/10;2010;SET;PA;PA02;79;E
09/09/10;2010;SET;PA;PA02;23;E
16/09/10;2010;SET;PA;PA02;79;E
23/09/10;2010;SET;PA;PA02;17;E
30/09/10;2010;SET;PA;PA02;79;E
07/10/10;2010;OUT;PA;PA02;5;E
14/10/10;2010;OUT;PA;PA02;5;E
21/10/10;2010;OUT;PA;PA02;33;E
28/10/10;2010;OUT;PA;PA02;13;E
04/11/10;2010;NOV;PA;PA02;8;E
11/11/10;2010;NOV;PA;PA02;70;E
18/11/10;2010;NOV;PA;PA02;8;E
25/11/10;2010;NOV;PA;PA02;5;E
02/12/10;2010;DEZ;PA;PA02;8;E
09/12/10;2010;DEZ;PA;PA02;33;E
30/12/10;2010;DEZ;PA;PA02;17;E
07/01/10;2010;JAN;PA;PA03;350;B
14/01/10;2010;JAN;PA;PA03;130;B
21/01/10;2010;JAN;PA;PA03;49;B
28/01/10;2010;JAN;PA;PA03;920;B
04/02/10;2010;FEV;PA;PA03;79;B
11/02/10;2010;FEV;PA;PA03;350;B
18/02/10;2010;FEV;PA;PA03;79;B
25/02/10;2010;FEV;PA;PA03;170;B
04/03/10;2010;MAR;PA;PA03;920;B
11/03/10;2010;MAR;PA;PA03;240;B
18/03/10;2010;MAR;PA;PA03;33;E
25/03/10;2010;MAR;PA;PA03;2;E
31/03/10;2010;MAR;PA;PA03;920;S
15/04/10;2010;ABR;PA;PA03;140;S
22/04/10;2010;ABR;PA;PA03;49;S
29/04/10;2010;ABR;PA;PA03;920;S
06/05/10;2010;MAI;PA;PA03;920;S
13/05/10;2010;MAI;PA;PA03;240;S
20/05/10;2010;MAI;PA;PA03;79;S
27/05/10;2010;MAI;PA;PA03;140;S
02/06/10;2010;JUN;PA;PA03;130;E
10/06/10;2010;JUN;PA;PA03;22;E
17/06/10;2010;JUN;PA;PA03;79;E
24/06/10;2010;JUN;PA;PA03;2400;E
01/07/10;2010;JUL;PA;PA03;140;E
08/07/10;2010;JUL;PA;PA03;17;E
15/07/10;2010;JUL;PA;PA03;280;B
29/07/10;2010;JUL;PA;PA03;79;B
05/08/10;2010;AGO;PA;PA03;5;B
12/08/10;2010;AGO;PA;PA03;70;B
19/08/10;2010;AGO;PA;PA03;540;S
26/08/10;2010;AGO;PA;PA03;70;E
02/09/10;2010;SET;PA;PA03;27;E
09/09/10;2010;SET;PA;PA03;33;E
16/09/10;2010;SET;PA;PA03;13;E
23/09/10;2010;SET;PA;PA03;11;E
30/09/10;2010;SET;PA;PA03;33;E
07/10/10;2010;OUT;PA;PA03;23;E
14/10/10;2010;OUT;PA;PA03;13;E
21/10/10;2010;OUT;PA;PA03;23;E
28/10/10;2010;OUT;PA;PA03;2;E
04/11/10;2010;NOV;PA;PA03;33;E
11/11/10;2010;NOV;PA;PA03;8;E
18/11/10;2010;NOV;PA;PA03;8;E
25/11/10;2010;NOV;PA;PA03;8;E
02/12/10;2010;DEZ;PA;PA03;23;E
09/12/10;2010;DEZ;PA;PA03;2;E
30/12/10;2010;DEZ;PA;PA03;33;E
07/01/10;2010;JAN;PA;PA04;920;E
14/01/10;2010;JAN;PA;PA04;2;E
21/01/10;2010;JAN;PA;PA04;79;E
28/01/10;2010;JAN;PA;PA04;170;E
04/02/10;2010;FEV;PA;PA04;7;E
11/02/10;2010;FEV;PA;PA04;79;E
18/02/10;2010;FEV;PA;PA04;8;E
25/02/10;2010;FEV;PA;PA04;4;E
04/03/10;2010;MAR;PA;PA04;280;E
11/03/10;2010;MAR;PA;PA04;2;E
18/03/10;2010;MAR;PA;PA04;23;E
25/03/10;2010;MAR;PA;PA04;7;E
31/03/10;2010;MAR;PA;PA04;49;E
15/04/10;2010;ABR;PA;PA04;23;E
22/04/10;2010;ABR;PA;PA04;17;E
29/04/10;2010;ABR;PA;PA04;47;E
06/05/10;2010;MAI;PA;PA04;350;B
13/05/10;2010;MAI;PA;PA04;23;E
20/05/10;2010;MAI;PA;PA04;2;E
27/05/10;2010;MAI;PA;PA04;8;E
02/06/10;2010;JUN;PA;PA04;5;E
10/06/10;2010;JUN;PA;PA04;4;E
17/06/10;2010;JUN;PA;PA04;8;E
24/06/10;2010;JUN;PA;PA04;7;E
01/07/10;2010;JUL;PA;PA04;13;E
08/07/10;2010;JUL;PA;PA04;2;E
15/07/10;2010;JUL;PA;PA04;7;E
29/07/10;2010;JUL;PA;PA04;10;E
05/08/10;2010;AGO;PA;PA04;6;E
12/08/10;2010;AGO;PA;PA04;33;E
19/08/10;2010;AGO;PA;PA04;14;E
26/08/10;2010;AGO;PA;PA04;8;E
02/09/10;2010;SET;PA;PA04;2;E
09/09/10;2010;SET;PA;PA04;130;E
16/09/10;2010;SET;PA;PA04;33;E
23/09/10;2010;SET;PA;PA04;13;E
30/09/10;2010;SET;PA;PA04;4;E
07/10/10;2010;OUT;PA;PA04;2;E
14/10/10;2010;OUT;PA;PA04;2;E
21/10/10;2010;OUT;PA;PA04;5;E
28/10/10;2010;OUT;PA;PA04;2;E
04/11/10;2010;NOV;PA;PA04;13;E
11/11/10;2010;NOV;PA;PA04;2;E
18/11/10;2010;NOV;PA;PA04;5;E
25/11/10;2010;NOV;PA;PA04;5;E
02/12/10;2010;DEZ;PA;PA04;2;E
09/12/10;2010;DEZ;PA;PA04;220;E
30/12/10;2010;DEZ;PA;PA04;2;E
07/01/10;2010;JAN;PA;PA05;3500;I
14/01/10;2010;JAN;PA;PA05;5400;I
21/01/10;2010;JAN;PA;PA05;2200;I
28/01/10;2010;JAN;PA;PA05;2400;I
04/02/10;2010;FEV;PA;PA05;350;I
11/02/10;2010;FEV;PA;PA05;9200;I
18/02/10;2010;FEV;PA;PA05;9200;I
25/02/10;2010;FEV;PA;PA05;1700;I
04/03/10;2010;MAR;PA;PA05;2400;I
11/03/10;2010;MAR;PA;PA05;2400;I
18/03/10;2010;MAR;PA;PA05;2400;I
25/03/10;2010;MAR;PA;PA05;1600;I
31/03/10;2010;MAR;PA;PA05;2400;I
15/04/10;2010;ABR;PA;PA05;2400;I
22/04/10;2010;ABR;PA;PA05;540;I
29/04/10;2010;ABR;PA;PA05;1300;I
06/05/10;2010;MAI;PA;PA05;16000;I
13/05/10;2010;MAI;PA;PA05;1700;I
20/05/10;2010;MAI;PA;PA05;920;I
27/05/10;2010;MAI;PA;PA05;2400;I
02/06/10;2010;JUN;PA;PA05;46;I
10/06/10;2010;JUN;PA;PA05;540;I
17/06/10;2010;JUN;PA;PA05;540;S
24/06/10;2010;JUN;PA;PA05;1700;I
01/07/10;2010;JUL;PA;PA05;220;S
08/07/10;2010;JUL;PA;PA05;170;S
15/07/10;2010;JUL;PA;PA05;1600;I
29/07/10;2010;JUL;PA;PA05;220;I
05/08/10;2010;AGO;PA;PA05;350;I
12/08/10;2010;AGO;PA;PA05;350;I
19/08/10;2010;AGO;PA;PA05;350;B
26/08/10;2010;AGO;PA;PA05;46;B
02/09/10;2010;SET;PA;PA05;350;B
09/09/10;2010;SET;PA;PA05;350;B
16/09/10;2010;SET;PA;PA05;13;B
23/09/10;2010;SET;PA;PA05;49;B
30/09/10;2010;SET;PA;PA05;540;B
07/10/10;2010;OUT;PA;PA05;94;B
14/10/10;2010;OUT;PA;PA05;170;E
21/10/10;2010;OUT;PA;PA05;49;E
28/10/10;2010;OUT;PA;PA05;2;E
04/11/10;2010;NOV;PA;PA05;33;E
11/11/10;2010;NOV;PA;PA05;2;E
18/11/10;2010;NOV;PA;PA05;14;E
25/11/10;2010;NOV;PA;PA05;2;E
02/12/10;2010;DEZ;PA;PA05;13;E
09/12/10;2010;DEZ;PA;PA05;920;E
30/12/10;2010;DEZ;PA;PA05;170;E
07/01/10;2010;JAN;NA;NA01;33;E
14/01/10;2010;JAN;NA;NA01;49;E
21/01/10;2010;JAN;NA;NA01;2;E
28/01/10;2010;JAN;NA;NA01;350;E
04/02/10;2010;FEV;NA;NA01;23;E
11/02/10;2010;FEV;NA;NA01;240;E
18/02/10;2010;FEV;NA;NA01;11;E
25/02/10;2010;FEV;NA;NA01;240;E
04/03/10;2010;MAR;NA;NA01;1600;E
11/03/10;2010;MAR;NA;NA01;16000;I
18/03/10;2010;MAR;NA;NA01;540;I
25/03/10;2010;MAR;NA;NA01;21;I
31/03/10;2010;MAR;NA;NA01;540;I
08/04/10;2010;ABR;NA;NA01;920;S
15/04/10;2010;ABR;NA;NA01;130;S
22/04/10;2010;ABR;NA;NA01;3500;I
29/04/10;2010;ABR;NA;NA01;11;S
06/05/10;2010;MAI;NA;NA01;23;S
13/05/10;2010;MAI;NA;NA01;350;B
20/05/10;2010;MAI;NA;NA01;17;B
27/05/10;2010;MAI;NA;NA01;22;E
02/06/10;2010;JUN;NA;NA01;350;B
10/06/10;2010;JUN;NA;NA01;230;B
17/06/10;2010;JUN;NA;NA01;3500;I
24/06/10;2010;JUN;NA;NA01;130;B
01/07/10;2010;JUL;NA;NA01;70;B
08/07/10;2010;JUL;NA;NA01;540;S
15/07/10;2010;JUL;NA;NA01;46;S
22/07/10;2010;JUL;NA;NA01;3500;I
29/07/10;2010;JUL;NA;NA01;5;S
05/08/10;2010;AGO;NA;NA01;7;S
12/08/10;2010;AGO;NA;NA01;11;E
19/08/10;2010;AGO;NA;NA01;31;E
26/08/10;2010;AGO;NA;NA01;5;E
02/09/10;2010;SET;NA;NA01;220;E
09/09/10;2010;SET;NA;NA01;17;E
16/09/10;2010;SET;NA;NA01;23;E
23/09/10;2010;SET;NA;NA01;5;E
30/09/10;2010;SET;NA;NA01;13;E
07/10/10;2010;OUT;NA;NA01;8;E
14/10/10;2010;OUT;NA;NA01;13;E
21/10/10;2010;OUT;NA;NA01;8;E
28/10/10;2010;OUT;NA;NA01;17;E
04/11/10;2010;NOV;NA;NA01;33;E
11/11/10;2010;NOV;NA;NA01;2;E
18/11/10;2010;NOV;NA;NA01;23;E
25/11/10;2010;NOV;NA;NA01;8;E
02/12/10;2010;DEZ;NA;NA01;13;E
09/12/10;2010;DEZ;NA;NA01;23;E
16/12/10;2010;DEZ;NA;NA01;17;E
23/12/10;2010;DEZ;NA;NA01;540;E
30/12/10;2010;DEZ;NA;NA01;170;E
07/01/10;2010;JAN;NA;NA02;49;E
14/01/10;2010;JAN;NA;NA02;350;B
21/01/10;2010;JAN;NA;NA02;2;E
28/01/10;2010;JAN;NA;NA02;350;B
04/02/10;2010;FEV;NA;NA02;2400;B
11/02/10;2010;FEV;NA;NA02;540;S
18/02/10;2010;FEV;NA;NA02;33;S
25/02/10;2010;FEV;NA;NA02;13;S
04/03/10;2010;MAR;NA;NA02;8;S
11/03/10;2010;MAR;NA;NA02;2400;S
18/03/10;2010;MAR;NA;NA02;220;E
25/03/10;2010;MAR;NA;NA02;23;E
31/03/10;2010;MAR;NA;NA02;600;S
08/04/10;2010;ABR;NA;NA02;540;S
15/04/10;2010;ABR;NA;NA02;920;S
22/04/10;2010;ABR;NA;NA02;220;S
29/04/10;2010;ABR;NA;NA02;49;S
06/05/10;2010;MAI;NA;NA02;110;S
13/05/10;2010;MAI;NA;NA02;170;E
20/05/10;2010;MAI;NA;NA02;11;E
27/05/10;2010;MAI;NA;NA02;350;E
02/06/10;2010;JUN;NA;NA02;13;E
10/06/10;2010;JUN;NA;NA02;130;E
17/06/10;2010;JUN;NA;NA02;1600;B
24/06/10;2010;JUN;NA;NA02;7;B
01/07/10;2010;JUL;NA;NA02;49;E
08/07/10;2010;JUL;NA;NA02;1600;I
15/07/10;2010;JUL;NA;NA02;49;I
22/07/10;2010;JUL;NA;NA02;540;S
29/07/10;2010;JUL;NA;NA02;13;S
05/08/10;2010;AGO;NA;NA02;11;S
12/08/10;2010;AGO;NA;NA02;70;E
19/08/10;2010;AGO;NA;NA02;33;E
26/08/10;2010;AGO;NA;NA02;33;E
02/09/10;2010;SET;NA;NA02;17;E
09/09/10;2010;SET;NA;NA02;79;E
16/09/10;2010;SET;NA;NA02;11;E
23/09/10;2010;SET;NA;NA02;4;E
30/09/10;2010;SET;NA;NA02;5;E
07/10/10;2010;OUT;NA;NA02;130;E
14/10/10;2010;OUT;NA;NA02;27;E
21/10/10;2010;OUT;NA;NA02;23;E
28/10/10;2010;OUT;NA;NA02;2;E
04/11/10;2010;NOV;NA;NA02;23;E
11/11/10;2010;NOV;NA;NA02;2;E
18/11/10;2010;NOV;NA;NA02;2;E
25/11/10;2010;NOV;NA;NA02;17;E
02/12/10;2010;DEZ;NA;NA02;13;E
09/12/10;2010;DEZ;NA;NA02;2;E
16/12/10;2010;DEZ;NA;NA02;33;E
23/12/10;2010;DEZ;NA;NA02;540;E
30/12/10;2010;DEZ;NA;NA02;49;E
07/01/10;2010;JAN;NA;NA03;22;E
14/01/10;2010;JAN;NA;NA03;540;E
21/01/10;2010;JAN;NA;NA03;240;E
28/01/10;2010;JAN;NA;NA03;110;E
04/02/10;2010;FEV;NA;NA03;11;E
11/02/10;2010;FEV;NA;NA03;920;S
18/02/10;2010;FEV;NA;NA03;33;E
25/02/10;2010;FEV;NA;NA03;94;E
04/03/10;2010;MAR;NA;NA03;17;E
11/03/10;2010;MAR;NA;NA03;2400;S
18/03/10;2010;MAR;NA;NA03;140;E
25/03/10;2010;MAR;NA;NA03;17;E
31/03/10;2010;MAR;NA;NA03;34;E
08/04/10;2010;ABR;NA;NA03;17;E
15/04/10;2010;ABR;NA;NA03;240;E
22/04/10;2010;ABR;NA;NA03;7;E
29/04/10;2010;ABR;NA;NA03;33;E
06/05/10;2010;MAI;NA;NA03;79;E
13/05/10;2010;MAI;NA;NA03;350;E
20/05/10;2010;MAI;NA;NA03;4;E
27/05/10;2010;MAI;NA;NA03;170;E
02/06/10;2010;JUN;NA;NA03;2;E
10/06/10;2010;JUN;NA;NA03;49;E
17/06/10;2010;JUN;NA;NA03;1600;E
24/06/10;2010;JUN;NA;NA03;49;E
01/07/10;2010;JUL;NA;NA03;22;E
08/07/10;2010;JUL;NA;NA03;23;E
15/07/10;2010;JUL;NA;NA03;23;E
22/07/10;2010;JUL;NA;NA03;23;E
29/07/10;2010;JUL;NA;NA03;49;E
05/08/10;2010;AGO;NA;NA03;4;E
12/08/10;2010;AGO;NA;NA03;79;E
19/08/10;2010;AGO;NA;NA03;17;E
26/08/10;2010;AGO;NA;NA03;350;E
02/09/10;2010;SET;NA;NA03;49;E
09/09/10;2010;SET;NA;NA03;130;E
16/09/10;2010;SET;NA;NA03;79;E
23/09/10;2010;SET;NA;NA03;4;E
30/09/10;2010;SET;NA;NA03;26;E
07/10/10;2010;OUT;NA;NA03;79;E
14/10/10;2010;OUT;NA;NA03;49;E
21/10/10;2010;OUT;NA;NA03;79;E
28/10/10;2010;OUT;NA;NA03;2;E
04/11/10;2010;NOV;NA;NA03;33;E
11/11/10;2010;NOV;NA;NA03;5;E
18/11/10;2010;NOV;NA;NA03;2;E
25/11/10;2010;NOV;NA;NA03;2;E
02/12/10;2010;DEZ;NA;NA03;5;E
09/12/10;2010;DEZ;NA;NA03;8;E
16/12/10;2010;DEZ;NA;NA03;49;E
23/12/10;2010;DEZ;NA;NA03;240;E
30/12/10;2010;DEZ;NA;NA03;3500;I
07/01/10;2010;JAN;NA;NA04;2;E
14/01/10;2010;JAN;NA;NA04;20;E
21/01/10;2010;JAN;NA;NA04;7;E
28/01/10;2010;JAN;NA;NA04;350;E
04/02/10;2010;FEV;NA;NA04;13;E
11/02/10;2010;FEV;NA;NA04;49;E
18/02/10;2010;FEV;NA;NA04;5;E
25/02/10;2010;FEV;NA;NA04;23;E
04/03/10;2010;MAR;NA;NA04;5;E
11/03/10;2010;MAR;NA;NA04;130;E
18/03/10;2010;MAR;NA;NA04;2400;E
25/03/10;2010;MAR;NA;NA04;8;E
31/03/10;2010;MAR;NA;NA04;130;E
08/04/10;2010;ABR;NA;NA04;2;E
15/04/10;2010;ABR;NA;NA04;350;B
22/04/10;2010;ABR;NA;NA04;8;E
29/04/10;2010;ABR;NA;NA04;5;E
06/05/10;2010;MAI;NA;NA04;79;E
13/05/10;2010;MAI;NA;NA04;2;E
20/05/10;2010;MAI;NA;NA04;2;E
27/05/10;2010;MAI;NA;NA04;14;E
02/06/10;2010;JUN;NA;NA04;2;E
10/06/10;2010;JUN;NA;NA04;540;E
17/06/10;2010;JUN;NA;NA04;2400;S
24/06/10;2010;JUN;NA;NA04;70;S
01/07/10;2010;JUL;NA;NA04;280;S
08/07/10;2010;JUL;NA;NA04;11;S
15/07/10;2010;JUL;NA;NA04;49;B
22/07/10;2010;JUL;NA;NA04;8;E
29/07/10;2010;JUL;NA;NA04;11;E
05/08/10;2010;AGO;NA;NA04;5;E
12/08/10;2010;AGO;NA;NA04;33;E
19/08/10;2010;AGO;NA;NA04;8;E
26/08/10;2010;AGO;NA;NA04;17;E
02/09/10;2010;SET;NA;NA04;13;E
09/09/10;2010;SET;NA;NA04;170;E
16/09/10;2010;SET;NA;NA04;130;E
23/09/10;2010;SET;NA;NA04;22;E
30/09/10;2010;SET;NA;NA04;13;E
07/10/10;2010;OUT;NA;NA04;33;E
14/10/10;2010;OUT;NA;NA04;2;E
21/10/10;2010;OUT;NA;NA04;8;E
28/10/10;2010;OUT;NA;NA04;2;E
04/11/10;2010;NOV;NA;NA04;17;E
11/11/10;2010;NOV;NA;NA04;2;E
18/11/10;2010;NOV;NA;NA04;2;E
25/11/10;2010;NOV;NA;NA04;2;E
02/12/10;2010;DEZ;NA;NA04;23;E
09/12/10;2010;DEZ;NA;NA04;2;E
16/12/10;2010;DEZ;NA;NA04;7;E
23/12/10;2010;DEZ;NA;NA04;17;E
30/12/10;2010;DEZ;NA;NA04;7;E
07/01/10;2010;JAN;NA;NA05;5;E
14/01/10;2010;JAN;NA;NA05;2;E
21/01/10;2010;JAN;NA;NA05;8;E
28/01/10;2010;JAN;NA;NA05;110;E
04/02/10;2010;FEV;NA;NA05;14;E
11/02/10;2010;FEV;NA;NA05;70;E
18/02/10;2010;FEV;NA;NA05;5;E
25/02/10;2010;FEV;NA;NA05;23;E
04/03/10;2010;MAR;NA;NA05;5;E
11/03/10;2010;MAR;NA;NA05;47;E
18/03/10;2010;MAR;NA;NA05;2400;E
25/03/10;2010;MAR;NA;NA05;11;E
31/03/10;2010;MAR;NA;NA05;350;B
08/04/10;2010;ABR;NA;NA05;2400;I
15/04/10;2010;ABR;NA;NA05;240;I
22/04/10;2010;ABR;NA;NA05;49;B
29/04/10;2010;ABR;NA;NA05;13;B
06/05/10;2010;MAI;NA;NA05;540;S
13/05/10;2010;MAI;NA;NA05;2;E
20/05/10;2010;MAI;NA;NA05;2;E
27/05/10;2010;MAI;NA;NA05;2;E
02/06/10;2010;JUN;NA;NA05;5;E
10/06/10;2010;JUN;NA;NA05;2400;E
17/06/10;2010;JUN;NA;NA05;700;S
24/06/10;2010;JUN;NA;NA05;49;S
01/07/10;2010;JUL;NA;NA05;8;S
08/07/10;2010;JUL;NA;NA05;2;S
15/07/10;2010;JUL;NA;NA05;23;E
22/07/10;2010;JUL;NA;NA05;11;E
29/07/10;2010;JUL;NA;NA05;4;E
05/08/10;2010;AGO;NA;NA05;4;E
12/08/10;2010;AGO;NA;NA05;33;E
19/08/10;2010;AGO;NA;NA05;2;E
26/08/10;2010;AGO;NA;NA05;13;E
02/09/10;2010;SET;NA;NA05;17;E
09/09/10;2010;SET;NA;NA05;33;E
16/09/10;2010;SET;NA;NA05;11;E
23/09/10;2010;SET;NA;NA05;13;E
30/09/10;2010;SET;NA;NA05;5;E
07/10/10;2010;OUT;NA;NA05;33;E
14/10/10;2010;OUT;NA;NA05;2;E
21/10/10;2010;OUT;NA;NA05;5;E
28/10/10;2010;OUT;NA;NA05;2;E
04/11/10;2010;NOV;NA;NA05;49;E
11/11/10;2010;NOV;NA;NA05;2;E
18/11/10;2010;NOV;NA;NA05;2;E
25/11/10;2010;NOV;NA;NA05;2;E
02/12/10;2010;DEZ;NA;NA05;23;E
09/12/10;2010;DEZ;NA;NA05;22;E
16/12/10;2010;DEZ;NA;NA05;8;E
23/12/10;2010;DEZ;NA;NA05;49;E
30/12/10;2010;DEZ;NA;NA05;2500;I
07/01/10;2010;JAN;NA;NA06;2;E
14/01/10;2010;JAN;NA;NA06;2;E
21/01/10;2010;JAN;NA;NA06;17;E
28/01/10;2010;JAN;NA;NA06;13;E
04/02/10;2010;FEV;NA;NA06;4;E
11/02/10;2010;FEV;NA;NA06;84;E
18/02/10;2010;FEV;NA;NA06;2;E
25/02/10;2010;FEV;NA;NA06;49;E
04/03/10;2010;MAR;NA;NA06;8;E
11/03/10;2010;MAR;NA;NA06;1600;E
18/03/10;2010;MAR;NA;NA06;22;E
25/03/10;2010;MAR;NA;NA06;920;S
31/03/10;2010;MAR;NA;NA06;170;S
08/04/10;2010;ABR;NA;NA06;14;S
15/04/10;2010;ABR;NA;NA06;2;E
22/04/10;2010;ABR;NA;NA06;540;S
29/04/10;2010;ABR;NA;NA06;8;E
06/05/10;2010;MAI;NA;NA06;2;E
13/05/10;2010;MAI;NA;NA06;8;E
20/05/10;2010;MAI;NA;NA06;23;E
27/05/10;2010;MAI;NA;NA06;8;E
02/06/10;2010;JUN;NA;NA06;5;E
10/06/10;2010;JUN;NA;NA06;17;E
17/06/10;2010;JUN;NA;NA06;280;E
24/06/10;2010;JUN;NA;NA06;2;E
01/07/10;2010;JUL;NA;NA06;20;E
08/07/10;2010;JUL;NA;NA06;2;E
15/07/10;2010;JUL;NA;NA06;5;E
22/07/10;2010;JUL;NA;NA06;13;E
29/07/10;2010;JUL;NA;NA06;8;E
05/08/10;2010;AGO;NA;NA06;2;E
12/08/10;2010;AGO;NA;NA06;5;E
19/08/10;2010;AGO;NA;NA06;2;E
26/08/10;2010;AGO;NA;NA06;14;E
02/09/10;2010;SET;NA;NA06;33;E
09/09/10;2010;SET;NA;NA06;13;E
16/09/10;2010;SET;NA;NA06;5;E
23/09/10;2010;SET;NA;NA06;33;E
30/09/10;2010;SET;NA;NA06;5;E
07/10/10;2010;OUT;NA;NA06;5;E
14/10/10;2010;OUT;NA;NA06;5;E
21/10/10;2010;OUT;NA;NA06;2;E
28/10/10;2010;OUT;NA;NA06;2;E
04/11/10;2010;NOV;NA;NA06;2;E
11/11/10;2010;NOV;NA;NA06;2;E
18/11/10;2010;NOV;NA;NA06;2;E
25/11/10;2010;NOV;NA;NA06;2;E
02/12/10;2010;DEZ;NA;NA06;2;E
09/12/10;2010;DEZ;NA;NA06;17;E
16/12/10;2010;DEZ;NA;NA06;7;E
23/12/10;2010;DEZ;NA;NA06;7;E
30/12/10;2010;DEZ;NA;NA06;23;E
07/01/10;2010;JAN;NA;NA07;8;S
14/01/10;2010;JAN;NA;NA07;8;S
21/01/10;2010;JAN;NA;NA07;2;E
28/01/10;2010;JAN;NA;NA07;49;E
04/02/10;2010;FEV;NA;NA07;49;E
11/02/10;2010;FEV;NA;NA07;1600;E
18/02/10;2010;FEV;NA;NA07;5;E
25/02/10;2010;FEV;NA;NA07;11;E
04/03/10;2010;MAR;NA;NA07;2;E
11/03/10;2010;MAR;NA;NA07;16000;I
18/03/10;2010;MAR;NA;NA07;79;E
25/03/10;2010;MAR;NA;NA07;31;E
31/03/10;2010;MAR;NA;NA07;14;E
08/04/10;2010;ABR;NA;NA07;110;E
15/04/10;2010;ABR;NA;NA07;2400;E
22/04/10;2010;ABR;NA;NA07;79;E
29/04/10;2010;ABR;NA;NA07;7;E
06/05/10;2010;MAI;NA;NA07;5400;I
13/05/10;2010;MAI;NA;NA07;170;I
20/05/10;2010;MAI;NA;NA07;13;E
27/05/10;2010;MAI;NA;NA07;49;E
02/06/10;2010;JUN;NA;NA07;350;B
10/06/10;2010;JUN;NA;NA07;130;E
17/06/10;2010;JUN;NA;NA07;3500;I
24/06/10;2010;JUN;NA;NA07;8;B
01/07/10;2010;JUL;NA;NA07;5400;I
08/07/10;2010;JUL;NA;NA07;5;I
15/07/10;2010;JUL;NA;NA07;920;I
22/07/10;2010;JUL;NA;NA07;5;S
29/07/10;2010;JUL;NA;NA07;23;S
05/08/10;2010;AGO;NA;NA07;5;E
12/08/10;2010;AGO;NA;NA07;11;E
19/08/10;2010;AGO;NA;NA07;7;E
26/08/10;2010;AGO;NA;NA07;49;E
02/09/10;2010;SET;NA;NA07;49;E
09/09/10;2010;SET;NA;NA07;22;E
16/09/10;2010;SET;NA;NA07;33;E
23/09/10;2010;SET;NA;NA07;33;E
30/09/10;2010;SET;NA;NA07;2;E
07/10/10;2010;OUT;NA;NA07;2;E
14/10/10;2010;OUT;NA;NA07;8;E
21/10/10;2010;OUT;NA;NA07;2;E
28/10/10;2010;OUT;NA;NA07;5;E
04/11/10;2010;NOV;NA;NA07;5;E
11/11/10;2010;NOV;NA;NA07;13;E
18/11/10;2010;NOV;NA;NA07;17;E
25/11/10;2010;NOV;NA;NA07;5;E
02/12/10;2010;DEZ;NA;NA07;5;E
09/12/10;2010;DEZ;NA;NA07;8;E
16/12/10;2010;DEZ;NA;NA07;2;E
23/12/10;2010;DEZ;NA;NA07;110;E
30/12/10;2010;DEZ;NA;NA07;2500;I
07/01/10;2010;JAN;NA;NA08;2;E
14/01/10;2010;JAN;NA;NA08;39;E
21/01/10;2010;JAN;NA;NA08;2;E
28/01/10;2010;JAN;NA;NA08;170;E
04/02/10;2010;FEV;NA;NA08;2;E
11/02/10;2010;FEV;NA;NA08;79;E
18/02/10;2010;FEV;NA;NA08;2;E
25/02/10;2010;FEV;NA;NA08;4;E
04/03/10;2010;MAR;NA;NA08;5;E
11/03/10;2010;MAR;NA;NA08;2400;E
18/03/10;2010;MAR;NA;NA08;170;E
25/03/10;2010;MAR;NA;NA08;13;E
31/03/10;2010;MAR;NA;NA08;9;E
08/04/10;2010;ABR;NA;NA08;170;E
15/04/10;2010;ABR;NA;NA08;2;E
22/04/10;2010;ABR;NA;NA08;5;E
29/04/10;2010;ABR;NA;NA08;2;E
06/05/10;2010;MAI;NA;NA08;13;E
13/05/10;2010;MAI;NA;NA08;23;E
20/05/10;2010;MAI;NA;NA08;22;E
27/05/10;2010;MAI;NA;NA08;33;E
02/06/10;2010;JUN;NA;NA08;11;E
10/06/10;2010;JUN;NA;NA08;3500;I
17/06/10;2010;JUN;NA;NA08;790;S
24/06/10;2010;JUN;NA;NA08;46;S
01/07/10;2010;JUL;NA;NA08;3500;I
08/07/10;2010;JUL;NA;NA08;4;I
15/07/10;2010;JUL;NA;NA08;70;S
22/07/10;2010;JUL;NA;NA08;5;E
29/07/10;2010;JUL;NA;NA08;27;E
05/08/10;2010;AGO;NA;NA08;2;E
12/08/10;2010;AGO;NA;NA08;21;E
19/08/10;2010;AGO;NA;NA08;2;E
26/08/10;2010;AGO;NA;NA08;110;E
02/09/10;2010;SET;NA;NA08;33;E
09/09/10;2010;SET;NA;NA08;7;E
16/09/10;2010;SET;NA;NA08;13;E
23/09/10;2010;SET;NA;NA08;13;E
30/09/10;2010;SET;NA;NA08;23;E
07/10/10;2010;OUT;NA;NA08;5;E
14/10/10;2010;OUT;NA;NA08;2;E
21/10/10;2010;OUT;NA;NA08;5;E
28/10/10;2010;OUT;NA;NA08;2;E
04/11/10;2010;NOV;NA;NA08;2;E
11/11/10;2010;NOV;NA;NA08;5;E
18/11/10;2010;NOV;NA;NA08;7;E
25/11/10;2010;NOV;NA;NA08;2;E
02/12/10;2010;DEZ;NA;NA08;2;E
09/12/10;2010;DEZ;NA;NA08;11;E
16/12/10;2010;DEZ;NA;NA08;2;E
23/12/10;2010;DEZ;NA;NA08;17;E
30/12/10;2010;DEZ;NA;NA08;2;E
07/01/10;2010;JAN;NA;NA09;13;E
14/01/10;2010;JAN;NA;NA09;350;B
21/01/10;2010;JAN;NA;NA09;920;S
28/01/10;2010;JAN;NA;NA09;130;B
04/02/10;2010;FEV;NA;NA09;170;B
11/02/10;2010;FEV;NA;NA09;17;B
18/02/10;2010;FEV;NA;NA09;5;E
25/02/10;2010;FEV;NA;NA09;14;E
04/03/10;2010;MAR;NA;NA09;2;E
11/03/10;2010;MAR;NA;NA09;920;E
18/03/10;2010;MAR;NA;NA09;2400;S
25/03/10;2010;MAR;NA;NA09;23;S
31/03/10;2010;MAR;NA;NA09;79;S
08/04/10;2010;ABR;NA;NA09;240;S
15/04/10;2010;ABR;NA;NA09;920;S
22/04/10;2010;ABR;NA;NA09;220;E
29/04/10;2010;ABR;NA;NA09;22;E
06/05/10;2010;MAI;NA;NA09;170;E
13/05/10;2010;MAI;NA;NA09;33;E
20/05/10;2010;MAI;NA;NA09;17;E
27/05/10;2010;MAI;NA;NA09;110;E
02/06/10;2010;JUN;NA;NA09;7;E
10/06/10;2010;JUN;NA;NA09;2400;E
17/06/10;2010;JUN;NA;NA09;5400;I
24/06/10;2010;JUN;NA;NA09;350;I
01/07/10;2010;JUL;NA;NA09;5400;I
08/07/10;2010;JUL;NA;NA09;110;I
15/07/10;2010;JUL;NA;NA09;3500;I
22/07/10;2010;JUL;NA;NA09;110;I
29/07/10;2010;JUL;NA;NA09;46;I
05/08/10;2010;AGO;NA;NA09;2;E
12/08/10;2010;AGO;NA;NA09;94;E
19/08/10;2010;AGO;NA;NA09;5;E
26/08/10;2010;AGO;NA;NA09;13;E
02/09/10;2010;SET;NA;NA09;8;E
09/09/10;2010;SET;NA;NA09;49;E
16/09/10;2010;SET;NA;NA09;7;E
23/09/10;2010;SET;NA;NA09;2;E
30/09/10;2010;SET;NA;NA09;8;E
07/10/10;2010;OUT;NA;NA09;2;E
14/10/10;2010;OUT;NA;NA09;2;E
21/10/10;2010;OUT;NA;NA09;540;E
28/10/10;2010;OUT;NA;NA09;2;E
04/11/10;2010;NOV;NA;NA09;2;E
11/11/10;2010;NOV;NA;NA09;2;E
18/11/10;2010;NOV;NA;NA09;10;E
25/11/10;2010;NOV;NA;NA09;5;E
02/12/10;2010;DEZ;NA;NA09;79;E
09/12/10;2010;DEZ;NA;NA09;2;E
16/12/10;2010;DEZ;NA;NA09;2;E
23/12/10;2010;DEZ;NA;NA09;13;E
30/12/10;2010;DEZ;NA;NA09;1600;E
07/01/10;2010;JAN;NA;NA10;5;E
14/01/10;2010;JAN;NA;NA10;70;E
21/01/10;2010;JAN;NA;NA10;33;E
28/01/10;2010;JAN;NA;NA10;540;E
04/02/10;2010;FEV;NA;NA10;11;E
11/02/10;2010;FEV;NA;NA10;240;E
18/02/10;2010;FEV;NA;NA10;7;E
25/02/10;2010;FEV;NA;NA10;540;S
04/03/10;2010;MAR;NA;NA10;2;E
11/03/10;2010;MAR;NA;NA10;220;E
18/03/10;2010;MAR;NA;NA10;240;E
25/03/10;2010;MAR;NA;NA10;2;E
31/03/10;2010;MAR;NA;NA10;130;E
08/04/10;2010;ABR;NA;NA10;2400;E
15/04/10;2010;ABR;NA;NA10;350;B
22/04/10;2010;ABR;NA;NA10;22;B
29/04/10;2010;ABR;NA;NA10;27;B
06/05/10;2010;MAI;NA;NA10;13;B
13/05/10;2010;MAI;NA;NA10;79;E
20/05/10;2010;MAI;NA;NA10;130;E
27/05/10;2010;MAI;NA;NA10;350;E
02/06/10;2010;JUN;NA;NA10;17;E
10/06/10;2010;JUN;NA;NA10;2400;B
17/06/10;2010;JUN;NA;NA10;9200;I
24/06/10;2010;JUN;NA;NA10;23;I
01/07/10;2010;JUL;NA;NA10;9200;I
08/07/10;2010;JUL;NA;NA10;79;I
15/07/10;2010;JUL;NA;NA10;920;I
22/07/10;2010;JUL;NA;NA10;5;S
29/07/10;2010;JUL;NA;NA10;2;S
05/08/10;2010;AGO;NA;NA10;2;E
12/08/10;2010;AGO;NA;NA10;32;E
19/08/10;2010;AGO;NA;NA10;23;E
26/08/10;2010;AGO;NA;NA10;22;E
02/09/10;2010;SET;NA;NA10;8;E
09/09/10;2010;SET;NA;NA10;33;E
16/09/10;2010;SET;NA;NA10;1600;E
23/09/10;2010;SET;NA;NA10;13;E
30/09/10;2010;SET;NA;NA10;23;E
07/10/10;2010;OUT;NA;NA10;2;E
14/10/10;2010;OUT;NA;NA10;11;E
21/10/10;2010;OUT;NA;NA10;1100;E
28/10/10;2010;OUT;NA;NA10;49;E
04/11/10;2010;NOV;NA;NA10;350;B
11/11/10;2010;NOV;NA;NA10;11;B
18/11/10;2010;NOV;NA;NA10;27;B
25/11/10;2010;NOV;NA;NA10;11;E
02/12/10;2010;DEZ;NA;NA10;17;E
09/12/10;2010;DEZ;NA;NA10;2;E
16/12/10;2010;DEZ;NA;NA10;22;E
23/12/10;2010;DEZ;NA;NA10;11;E
30/12/10;2010;DEZ;NA;NA10;2;E
07/01/10;2010;JAN;NA;NA11;17;E
14/01/10;2010;JAN;NA;NA11;40;E
21/01/10;2010;JAN;NA;NA11;21;E
28/01/10;2010;JAN;NA;NA11;27;E
04/02/10;2010;FEV;NA;NA11;23;E
11/02/10;2010;FEV;NA;NA11;79;E
18/02/10;2010;FEV;NA;NA11;240;E
25/02/10;2010;FEV;NA;NA11;2;E
04/03/10;2010;MAR;NA;NA11;4;E
11/03/10;2010;MAR;NA;NA11;1600;E
18/03/10;2010;MAR;NA;NA11;24000;I
25/03/10;2010;MAR;NA;NA11;5;I
31/03/10;2010;MAR;NA;NA11;70;I
08/04/10;2010;ABR;NA;NA11;2400;I
15/04/10;2010;ABR;NA;NA11;33;I
22/04/10;2010;ABR;NA;NA11;79;E
29/04/10;2010;ABR;NA;NA11;5;E
06/05/10;2010;MAI;NA;NA11;4;E
13/05/10;2010;MAI;NA;NA11;2;E
20/05/10;2010;MAI;NA;NA11;13;E
27/05/10;2010;MAI;NA;NA11;4;E
02/06/10;2010;JUN;NA;NA11;23;E
10/06/10;2010;JUN;NA;NA11;2400;E
17/06/10;2010;JUN;NA;NA11;16000;I
24/06/10;2010;JUN;NA;NA11;350;I
01/07/10;2010;JUL;NA;NA11;430;I
08/07/10;2010;JUL;NA;NA11;33;I
15/07/10;2010;JUL;NA;NA11;49;B
22/07/10;2010;JUL;NA;NA11;21;B
29/07/10;2010;JUL;NA;NA11;49;E
05/08/10;2010;AGO;NA;NA11;17;E
12/08/10;2010;AGO;NA;NA11;70;E
19/08/10;2010;AGO;NA;NA11;7;E
26/08/10;2010;AGO;NA;NA11;8;E
02/09/10;2010;SET;NA;NA11;11;E
09/09/10;2010;SET;NA;NA11;33;E
16/09/10;2010;SET;NA;NA11;33;E
23/09/10;2010;SET;NA;NA11;22;E
30/09/10;2010;SET;NA;NA11;5;E
07/10/10;2010;OUT;NA;NA11;8;E
14/10/10;2010;OUT;NA;NA11;8;E
21/10/10;2010;OUT;NA;NA11;79;E
28/10/10;2010;OUT;NA;NA11;8;E
04/11/10;2010;NOV;NA;NA11;17;E
11/11/10;2010;NOV;NA;NA11;5;E
18/11/10;2010;NOV;NA;NA11;2;E
25/11/10;2010;NOV;NA;NA11;5;E
02/12/10;2010;DEZ;NA;NA11;1100;E
09/12/10;2010;DEZ;NA;NA11;140;E
16/12/10;2010;DEZ;NA;NA11;2;E
23/12/10;2010;DEZ;NA;NA11;5;E
30/12/10;2010;DEZ;NA;NA11;7;E
07/01/10;2010;JAN;NA;NA12;8;E
14/01/10;2010;JAN;NA;NA12;2;E
21/01/10;2010;JAN;NA;NA12;130;E
28/01/10;2010;JAN;NA;NA12;34;E
04/02/10;2010;FEV;NA;NA12;5;E
11/02/10;2010;FEV;NA;NA12;540;E
18/02/10;2010;FEV;NA;NA12;13;E
25/02/10;2010;FEV;NA;NA12;13;E
04/03/10;2010;MAR;NA;NA12;10;E
11/03/10;2010;MAR;NA;NA12;2400;S
18/03/10;2010;MAR;NA;NA12;540;S
25/03/10;2010;MAR;NA;NA12;240;S
31/03/10;2010;MAR;NA;NA12;220;S
08/04/10;2010;ABR;NA;NA12;2400;I
15/04/10;2010;ABR;NA;NA12;540;S
22/04/10;2010;ABR;NA;NA12;240;S
29/04/10;2010;ABR;NA;NA12;2;S
06/05/10;2010;MAI;NA;NA12;79;S
13/05/10;2010;MAI;NA;NA12;220;E
20/05/10;2010;MAI;NA;NA12;23;E
27/05/10;2010;MAI;NA;NA12;2;E
02/06/10;2010;JUN;NA;NA12;2;E
10/06/10;2010;JUN;NA;NA12;2400;E
17/06/10;2010;JUN;NA;NA12;3500;I
24/06/10;2010;JUN;NA;NA12;33;I
01/07/10;2010;JUL;NA;NA12;1600;I
08/07/10;2010;JUL;NA;NA12;350;I
15/07/10;2010;JUL;NA;NA12;1600;I
22/07/10;2010;JUL;NA;NA12;33;I
29/07/10;2010;JUL;NA;NA12;23;I
05/08/10;2010;AGO;NA;NA12;5;B
12/08/10;2010;AGO;NA;NA12;8;E
19/08/10;2010;AGO;NA;NA12;2;E
26/08/10;2010;AGO;NA;NA12;7;E
02/09/10;2010;SET;NA;NA12;11;E
09/09/10;2010;SET;NA;NA12;33;E
16/09/10;2010;SET;NA;NA12;46;E
23/09/10;2010;SET;NA;NA12;17;E
30/09/10;2010;SET;NA;NA12;5;E
07/10/10;2010;OUT;NA;NA12;2;E
14/10/10;2010;OUT;NA;NA12;22;E
21/10/10;2010;OUT;NA;NA12;2;E
28/10/10;2010;OUT;NA;NA12;2;E
04/11/10;2010;NOV;NA;NA12;17;E
11/11/10;2010;NOV;NA;NA12;8;E
18/11/10;2010;NOV;NA;NA12;4;E
25/11/10;2010;NOV;NA;NA12;5;E
02/12/10;2010;DEZ;NA;NA12;170;E
09/12/10;2010;DEZ;NA;NA12;2;E
16/12/10;2010;DEZ;NA;NA12;33;E
23/12/10;2010;DEZ;NA;NA12;2;E
30/12/10;2010;DEZ;NA;NA12;920;E
07/01/10;2010;JAN;NA;NA13;130;S
14/01/10;2010;JAN;NA;NA13;2;S
21/01/10;2010;JAN;NA;NA13;2;E
28/01/10;2010;JAN;NA;NA13;540;E
04/02/10;2010;FEV;NA;NA13;1600;S
11/02/10;2010;FEV;NA;NA13;540;S
18/02/10;2010;FEV;NA;NA13;220;S
25/02/10;2010;FEV;NA;NA13;540;S
04/03/10;2010;MAR;NA;NA13;350;S
11/03/10;2010;MAR;NA;NA13;2400;S
18/03/10;2010;MAR;NA;NA13;920;S
25/03/10;2010;MAR;NA;NA13;920;S
31/03/10;2010;MAR;NA;NA13;920;S
08/04/10;2010;ABR;NA;NA13;2400;I
15/04/10;2010;ABR;NA;NA13;140;S
22/04/10;2010;ABR;NA;NA13;540;S
29/04/10;2010;ABR;NA;NA13;170;S
06/05/10;2010;MAI;NA;NA13;3000;I
13/05/10;2010;MAI;NA;NA13;240;S
20/05/10;2010;MAI;NA;NA13;350;S
27/05/10;2010;MAI;NA;NA13;350;B
02/06/10;2010;JUN;NA;NA13;240;B
10/06/10;2010;JUN;NA;NA13;790;B
17/06/10;2010;JUN;NA;NA13;2400;S
24/06/10;2010;JUN;NA;NA13;1600;I
01/07/10;2010;JUL;NA;NA13;1600;I
08/07/10;2010;JUL;NA;NA13;350;I
15/07/10;2010;JUL;NA;NA13;920;I
22/07/10;2010;JUL;NA;NA13;920;I
29/07/10;2010;JUL;NA;NA13;33;S
05/08/10;2010;AGO;NA;NA13;350;S
12/08/10;2010;AGO;NA;NA13;920;S
19/08/10;2010;AGO;NA;NA13;49;S
26/08/10;2010;AGO;NA;NA13;240;B
02/09/10;2010;SET;NA;NA13;33;B
09/09/10;2010;SET;NA;NA13;1600;S
16/09/10;2010;SET;NA;NA13;1300;I
23/09/10;2010;SET;NA;NA13;1600;I
30/09/10;2010;SET;NA;NA13;110;I
07/10/10;2010;OUT;NA;NA13;350;I
14/10/10;2010;OUT;NA;NA13;540;I
21/10/10;2010;OUT;NA;NA13;49;S
28/10/10;2010;OUT;NA;NA13;130;B
04/11/10;2010;NOV;NA;NA13;170;B
11/11/10;2010;NOV;NA;NA13;23;E
18/11/10;2010;NOV;NA;NA13;23;E
25/11/10;2010;NOV;NA;NA13;2200;E
02/12/10;2010;DEZ;NA;NA13;1100;I
09/12/10;2010;DEZ;NA;NA13;350;I
16/12/10;2010;DEZ;NA;NA13;220;I
23/12/10;2010;DEZ;NA;NA13;350;I
30/12/10;2010;DEZ;NA;NA13;540;S
07/01/10;2010;JAN;NA;NA14;13;E
14/01/10;2010;JAN;NA;NA14;2;E
21/01/10;2010;JAN;NA;NA14;110;E
28/01/10;2010;JAN;NA;NA14;46;E
04/02/10;2010;FEV;NA;NA14;14;E
11/02/10;2010;FEV;NA;NA14;240;E
18/02/10;2010;FEV;NA;NA14;14;E
25/02/10;2010;FEV;NA;NA14;34;E
04/03/10;2010;MAR;NA;NA14;110;E
11/03/10;2010;MAR;NA;NA14;130;E
18/03/10;2010;MAR;NA;NA14;920;E
25/03/10;2010;MAR;NA;NA14;110;E
31/03/10;2010;MAR;NA;NA14;540;S
08/04/10;2010;ABR;NA;NA14;2400;S
15/04/10;2010;ABR;NA;NA14;49;S
22/04/10;2010;ABR;NA;NA14;8;S
29/04/10;2010;ABR;NA;NA14;3500;I
06/05/10;2010;MAI;NA;NA14;110;I
13/05/10;2010;MAI;NA;NA14;11;E
20/05/10;2010;MAI;NA;NA14;8;E
27/05/10;2010;MAI;NA;NA14;6;E
02/06/10;2010;JUN;NA;NA14;4;E
10/06/10;2010;JUN;NA;NA14;12;E
17/06/10;2010;JUN;NA;NA14;350;E
24/06/10;2010;JUN;NA;NA14;33;E
01/07/10;2010;JUL;NA;NA14;240;E
08/07/10;2010;JUL;NA;NA14;110;E
15/07/10;2010;JUL;NA;NA14;39;E
22/07/10;2010;JUL;NA;NA14;70;E
29/07/10;2010;JUL;NA;NA14;46;E
05/08/10;2010;AGO;NA;NA14;17;E
12/08/10;2010;AGO;NA;NA14;110;E
19/08/10;2010;AGO;NA;NA14;2;E
26/08/10;2010;AGO;NA;NA14;130;E
02/09/10;2010;SET;NA;NA14;7;E
09/09/10;2010;SET;NA;NA14;94;E
16/09/10;2010;SET;NA;NA14;13;E
23/09/10;2010;SET;NA;NA14;130;E
30/09/10;2010;SET;NA;NA14;70;E
07/10/10;2010;OUT;NA;NA14;13;E
14/10/10;2010;OUT;NA;NA14;49;E
21/10/10;2010;OUT;NA;NA14;17;E
28/10/10;2010;OUT;NA;NA14;33;E
04/11/10;2010;NOV;NA;NA14;70;E
11/11/10;2010;NOV;NA;NA14;2;E
18/11/10;2010;NOV;NA;NA14;7;E
25/11/10;2010;NOV;NA;NA14;5;E
02/12/10;2010;DEZ;NA;NA14;79;E
09/12/10;2010;DEZ;NA;NA14;2;E
16/12/10;2010;DEZ;NA;NA14;5;E
23/12/10;2010;DEZ;NA;NA14;79;E
30/12/10;2010;DEZ;NA;NA14;23;E
07/01/10;2010;JAN;NA;NA15;11;E
14/01/10;2010;JAN;NA;NA15;24;E
21/01/10;2010;JAN;NA;NA15;13;E
28/01/10;2010;JAN;NA;NA15;2200;E
04/02/10;2010;FEV;NA;NA15;33;E
11/02/10;2010;FEV;NA;NA15;49;E
18/02/10;2010;FEV;NA;NA15;2;E
25/02/10;2010;FEV;NA;NA15;240;E
04/03/10;2010;MAR;NA;NA15;8;E
11/03/10;2010;MAR;NA;NA15;130;E
18/03/10;2010;MAR;NA;NA15;170;E
25/03/10;2010;MAR;NA;NA15;110;E
31/03/10;2010;MAR;NA;NA15;240;E
08/04/10;2010;ABR;NA;NA15;920;E
15/04/10;2010;ABR;NA;NA15;49;E
22/04/10;2010;ABR;NA;NA15;23;E
29/04/10;2010;ABR;NA;NA15;17;E
06/05/10;2010;MAI;NA;NA15;920;S
13/05/10;2010;MAI;NA;NA15;8;E
20/05/10;2010;MAI;NA;NA15;2;E
27/05/10;2010;MAI;NA;NA15;2;E
02/06/10;2010;JUN;NA;NA15;8;E
10/06/10;2010;JUN;NA;NA15;240;E
17/06/10;2010;JUN;NA;NA15;240;E
24/06/10;2010;JUN;NA;NA15;5;E
01/07/10;2010;JUL;NA;NA15;2400;E
08/07/10;2010;JUL;NA;NA15;130;E
15/07/10;2010;JUL;NA;NA15;2400;I
22/07/10;2010;JUL;NA;NA15;220;I
29/07/10;2010;JUL;NA;NA15;350;I
05/08/10;2010;AGO;NA;NA15;46;B
12/08/10;2010;AGO;NA;NA15;79;B
19/08/10;2010;AGO;NA;NA15;2;E
26/08/10;2010;AGO;NA;NA15;8;E
02/09/10;2010;SET;NA;NA15;13;E
09/09/10;2010;SET;NA;NA15;79;E
16/09/10;2010;SET;NA;NA15;23;E
23/09/10;2010;SET;NA;NA15;79;E
30/09/10;2010;SET;NA;NA15;13;E
07/10/10;2010;OUT;NA;NA15;13;E
14/10/10;2010;OUT;NA;NA15;4;E
21/10/10;2010;OUT;NA;NA15;13;E
28/10/10;2010;OUT;NA;NA15;2;E
04/11/10;2010;NOV;NA;NA15;70;E
11/11/10;2010;NOV;NA;NA15;2;E
18/11/10;2010;NOV;NA;NA15;7;E
25/11/10;2010;NOV;NA;NA15;8;E
02/12/10;2010;DEZ;NA;NA15;23;E
09/12/10;2010;DEZ;NA;NA15;2;E
16/12/10;2010;DEZ;NA;NA15;2;E
23/12/10;2010;DEZ;NA;NA15;46;E
30/12/10;2010;DEZ;NA;NA15;5;E
07/01/10;2010;JAN;EX;EX01;2;E
14/01/10;2010;JAN;EX;EX01;13;E
21/01/10;2010;JAN;EX;EX01;2;E
28/01/10;2010;JAN;EX;EX01;130;E
04/02/10;2010;FEV;EX;EX01;27;E
11/02/10;2010;FEV;EX;EX01;17;E
18/02/10;2010;FEV;EX;EX01;22;E
25/02/10;2010;FEV;EX;EX01;22;E
04/03/10;2010;MAR;EX;EX01;2;E
11/03/10;2010;MAR;EX;EX01;49;E
18/03/10;2010;MAR;EX;EX01;350;E
25/03/10;2010;MAR;EX;EX01;33;E
31/03/10;2010;MAR;EX;EX01;540;B
08/04/10;2010;ABR;EX;EX01;920;S
15/04/10;2010;ABR;EX;EX01;2400;S
22/04/10;2010;ABR;EX;EX01;23;S
29/04/10;2010;ABR;EX;EX01;170;S
06/05/10;2010;MAI;EX;EX01;1600;I
13/05/10;2010;MAI;EX;EX01;2;I
20/05/10;2010;MAI;EX;EX01;2;E
27/05/10;2010;MAI;EX;EX01;23;E
02/06/10;2010;JUN;EX;EX01;2;E
10/06/10;2010;JUN;EX;EX01;9;E
17/06/10;2010;JUN;EX;EX01;27;E
24/06/10;2010;JUN;EX;EX01;23;E
01/07/10;2010;JUL;EX;EX01;49;E
08/07/10;2010;JUL;EX;EX01;30;E
15/07/10;2010;JUL;EX;EX01;1600;E
22/07/10;2010;JUL;EX;EX01;13;E
29/07/10;2010;JUL;EX;EX01;920;S
05/08/10;2010;AGO;EX;EX01;22;S
12/08/10;2010;AGO;EX;EX01;33;S
19/08/10;2010;AGO;EX;EX01;33;E
26/08/10;2010;AGO;EX;EX01;8;E
02/09/10;2010;SET;EX;EX01;70;E
09/09/10;2010;SET;EX;EX01;70;E
16/09/10;2010;SET;EX;EX01;46;E
23/09/10;2010;SET;EX;EX01;33;E
30/09/10;2010;SET;EX;EX01;23;E
07/10/10;2010;OUT;EX;EX01;13;E
14/10/10;2010;OUT;EX;EX01;2;E
21/10/10;2010;OUT;EX;EX01;2;E
28/10/10;2010;OUT;EX;EX01;2;E
04/11/10;2010;NOV;EX;EX01;22;E
11/11/10;2010;NOV;EX;EX01;2;E
18/11/10;2010;NOV;EX;EX01;4;E
25/11/10;2010;NOV;EX;EX01;23;E
02/12/10;2010;DEZ;EX;EX01;540;E
09/12/10;2010;DEZ;EX;EX01;2;E
16/12/10;2010;DEZ;EX;EX01;2;E
23/12/10;2010;DEZ;EX;EX01;8;E
30/12/10;2010;DEZ;EX;EX01;2;E
07/01/10;2010;JAN;EX;EX02;2;E
14/01/10;2010;JAN;EX;EX02;2;E
21/01/10;2010;JAN;EX;EX02;5;E
28/01/10;2010;JAN;EX;EX02;49;E
04/02/10;2010;FEV;EX;EX02;21;E
11/02/10;2010;FEV;EX;EX02;33;E
18/02/10;2010;FEV;EX;EX02;14;E
25/02/10;2010;FEV;EX;EX02;23;E
04/03/10;2010;MAR;EX;EX02;2;E
11/03/10;2010;MAR;EX;EX02;2;E
18/03/10;2010;MAR;EX;EX02;39;E
25/03/10;2010;MAR;EX;EX02;8;E
31/03/10;2010;MAR;EX;EX02;130;E
08/04/10;2010;ABR;EX;EX02;350;E
15/04/10;2010;ABR;EX;EX02;22;E
22/04/10;2010;ABR;EX;EX02;49;E
29/04/10;2010;ABR;EX;EX02;130;E
06/05/10;2010;MAI;EX;EX02;350;B
13/05/10;2010;MAI;EX;EX02;5;E
20/05/10;2010;MAI;EX;EX02;2;E
27/05/10;2010;MAI;EX;EX02;7;E
02/06/10;2010;JUN;EX;EX02;2;E
10/06/10;2010;JUN;EX;EX02;5;E
17/06/10;2010;JUN;EX;EX02;79;E
24/06/10;2010;JUN;EX;EX02;8;E
01/07/10;2010;JUL;EX;EX02;17;E
08/07/10;2010;JUL;EX;EX02;79;E
15/07/10;2010;JUL;EX;EX02;79;E
22/07/10;2010;JUL;EX;EX02;170;E
29/07/10;2010;JUL;EX;EX02;170;E
05/08/10;2010;AGO;EX;EX02;49;E
12/08/10;2010;AGO;EX;EX02;130;E
19/08/10;2010;AGO;EX;EX02;11;E
26/08/10;2010;AGO;EX;EX02;13;E
02/09/10;2010;SET;EX;EX02;110;E
09/09/10;2010;SET;EX;EX02;79;E
16/09/10;2010;SET;EX;EX02;170;E
23/09/10;2010;SET;EX;EX02;14;E
30/09/10;2010;SET;EX;EX02;5;E
07/10/10;2010;OUT;EX;EX02;49;E
14/10/10;2010;OUT;EX;EX02;2;E
21/10/10;2010;OUT;EX;EX02;2;E
28/10/10;2010;OUT;EX;EX02;2;E
04/11/10;2010;NOV;EX;EX02;32;E
11/11/10;2010;NOV;EX;EX02;2;E
18/11/10;2010;NOV;EX;EX02;2;E
25/11/10;2010;NOV;EX;EX02;49;E
02/12/10;2010;DEZ;EX;EX02;1600;E
09/12/10;2010;DEZ;EX;EX02;2;E
16/12/10;2010;DEZ;EX;EX02;5;E
23/12/10;2010;DEZ;EX;EX02;5;E
30/12/10;2010;DEZ;EX;EX02;2;E
07/01/10;2010;JAN;EX;EX03;5;E
14/01/10;2010;JAN;EX;EX03;2;E
21/01/10;2010;JAN;EX;EX03;240;E
28/01/10;2010;JAN;EX;EX03;13;E
04/02/10;2010;FEV;EX;EX03;4;E
11/02/10;2010;FEV;EX;EX03;540;E
18/02/10;2010;FEV;EX;EX03;27;E
25/02/10;2010;FEV;EX;EX03;70;E
04/03/10;2010;MAR;EX;EX03;23;E
11/03/10;2010;MAR;EX;EX03;26;E
18/03/10;2010;MAR;EX;EX03;22;E
25/03/10;2010;MAR;EX;EX03;33;E
31/03/10;2010;MAR;EX;EX03;27;E
08/04/10;2010;ABR;EX;EX03;1600;E
15/04/10;2010;ABR;EX;EX03;7;E
22/04/10;2010;ABR;EX;EX03;7;E
29/04/10;2010;ABR;EX;EX03;11;E
06/05/10;2010;MAI;EX;EX03;17;E
13/05/10;2010;MAI;EX;EX03;13;E
20/05/10;2010;MAI;EX;EX03;17;E
27/05/10;2010;MAI;EX;EX03;2;E
02/06/10;2010;JUN;EX;EX03;4;E
10/06/10;2010;JUN;EX;EX03;7;E
17/06/10;2010;JUN;EX;EX03;5;E
24/06/10;2010;JUN;EX;EX03;33;E
01/07/10;2010;JUL;EX;EX03;7;E
08/07/10;2010;JUL;EX;EX03;11;E
15/07/10;2010;JUL;EX;EX03;21;E
22/07/10;2010;JUL;EX;EX03;8;E
29/07/10;2010;JUL;EX;EX03;3500;I
05/08/10;2010;AGO;EX;EX03;7;E
12/08/10;2010;AGO;EX;EX03;17;E
19/08/10;2010;AGO;EX;EX03;2;E
26/08/10;2010;AGO;EX;EX03;2;E
02/09/10;2010;SET;EX;EX03;8;E
09/09/10;2010;SET;EX;EX03;23;E
16/09/10;2010;SET;EX;EX03;49;E
23/09/10;2010;SET;EX;EX03;17;E
30/09/10;2010;SET;EX;EX03;13;E
07/10/10;2010;OUT;EX;EX03;13;E
14/10/10;2010;OUT;EX;EX03;2;E
21/10/10;2010;OUT;EX;EX03;2;E
28/10/10;2010;OUT;EX;EX03;2;E
04/11/10;2010;NOV;EX;EX03;27;E
11/11/10;2010;NOV;EX;EX03;130;E
18/11/10;2010;NOV;EX;EX03;11;E
25/11/10;2010;NOV;EX;EX03;22;E
02/12/10;2010;DEZ;EX;EX03;70;E
09/12/10;2010;DEZ;EX;EX03;2;E
16/12/10;2010;DEZ;EX;EX03;2;E
23/12/10;2010;DEZ;EX;EX03;2;E
30/12/10;2010;DEZ;EX;EX03;4;E
07/01/10;2010;JAN;EX;EX04;5;E
14/01/10;2010;JAN;EX;EX04;33;E
21/01/10;2010;JAN;EX;EX04;2;E
28/01/10;2010;JAN;EX;EX04;2200;E
04/02/10;2010;FEV;EX;EX04;33;E
11/02/10;2010;FEV;EX;EX04;49;E
18/02/10;2010;FEV;EX;EX04;8;E
25/02/10;2010;FEV;EX;EX04;920;S
04/03/10;2010;MAR;EX;EX04;13;E
11/03/10;2010;MAR;EX;EX04;14;E
18/03/10;2010;MAR;EX;EX04;7;E
25/03/10;2010;MAR;EX;EX04;240;E
31/03/10;2010;MAR;EX;EX04;2;E
08/04/10;2010;ABR;EX;EX04;920;E
15/04/10;2010;ABR;EX;EX04;2;E
22/04/10;2010;ABR;EX;EX04;11;E
29/04/10;2010;ABR;EX;EX04;49;E
06/05/10;2010;MAI;EX;EX04;1600;S
13/05/10;2010;MAI;EX;EX04;79;E
20/05/10;2010;MAI;EX;EX04;4;E
27/05/10;2010;MAI;EX;EX04;33;E
02/06/10;2010;JUN;EX;EX04;22;E
10/06/10;2010;JUN;EX;EX04;240;E
17/06/10;2010;JUN;EX;EX04;79;E
24/06/10;2010;JUN;EX;EX04;2;E
01/07/10;2010;JUL;EX;EX04;2400;E
08/07/10;2010;JUL;EX;EX04;220;E
15/07/10;2010;JUL;EX;EX04;33;E
22/07/10;2010;JUL;EX;EX04;220;E
29/07/10;2010;JUL;EX;EX04;920;S
05/08/10;2010;AGO;EX;EX04;49;E
12/08/10;2010;AGO;EX;EX04;79;E
19/08/10;2010;AGO;EX;EX04;2;E
26/08/10;2010;AGO;EX;EX04;5;E
02/09/10;2010;SET;EX;EX04;33;E
09/09/10;2010;SET;EX;EX04;49;E
16/09/10;2010;SET;EX;EX04;140;E
23/09/10;2010;SET;EX;EX04;23;E
30/09/10;2010;SET;EX;EX04;11;E
07/10/10;2010;OUT;EX;EX04;17;E
14/10/10;2010;OUT;EX;EX04;5;E
21/10/10;2010;OUT;EX;EX04;23;E
28/10/10;2010;OUT;EX;EX04;7;E
04/11/10;2010;NOV;EX;EX04;49;E
11/11/10;2010;NOV;EX;EX04;8;E
18/11/10;2010;NOV;EX;EX04;5;E
25/11/10;2010;NOV;EX;EX04;49;E
02/12/10;2010;DEZ;EX;EX04;220;E
09/12/10;2010;DEZ;EX;EX04;2;E
16/12/10;2010;DEZ;EX;EX04;17;E
23/12/10;2010;DEZ;EX;EX04;23;E
30/12/10;2010;DEZ;EX;EX04;7;E
07/01/10;2010;JAN;EX;EX05;2;E
14/01/10;2010;JAN;EX;EX05;2;E
21/01/10;2010;JAN;EX;EX05;5;E
28/01/10;2010;JAN;EX;EX05;23;E
04/02/10;2010;FEV;EX;EX05;4;E
11/02/10;2010;FEV;EX;EX05;8;E
18/02/10;2010;FEV;EX;EX05;280;E
25/02/10;2010;FEV;EX;EX05;33;E
04/03/10;2010;MAR;EX;EX05;2;E
11/03/10;2010;MAR;EX;EX05;46;E
18/03/10;2010;MAR;EX;EX05;140;E
25/03/10;2010;MAR;EX;EX05;33;E
31/03/10;2010;MAR;EX;EX05;49;E
08/04/10;2010;ABR;EX;EX05;2400;E
15/04/10;2010;ABR;EX;EX05;33;E
22/04/10;2010;ABR;EX;EX05;2;E
29/04/10;2010;ABR;EX;EX05;33;E
06/05/10;2010;MAI;EX;EX05;240;E
13/05/10;2010;MAI;EX;EX05;11;E
20/05/10;2010;MAI;EX;EX05;2;E
27/05/10;2010;MAI;EX;EX05;2;E
02/06/10;2010;JUN;EX;EX05;5;E
10/06/10;2010;JUN;EX;EX05;49;E
17/06/10;2010;JUN;EX;EX05;17;E
24/06/10;2010;JUN;EX;EX05;33;E
01/07/10;2010;JUL;EX;EX05;1600;E
08/07/10;2010;JUL;EX;EX05;240;E
15/07/10;2010;JUL;EX;EX05;140;E
22/07/10;2010;JUL;EX;EX05;79;E
29/07/10;2010;JUL;EX;EX05;350;B
05/08/10;2010;AGO;EX;EX05;2;E
12/08/10;2010;AGO;EX;EX05;33;E
19/08/10;2010;AGO;EX;EX05;2;E
26/08/10;2010;AGO;EX;EX05;8;E
02/09/10;2010;SET;EX;EX05;13;E
09/09/10;2010;SET;EX;EX05;23;E
16/09/10;2010;SET;EX;EX05;23;E
23/09/10;2010;SET;EX;EX05;23;E
30/09/10;2010;SET;EX;EX05;8;E
07/10/10;2010;OUT;EX;EX05;5;E
14/10/10;2010;OUT;EX;EX05;2;E
21/10/10;2010;OUT;EX;EX05;13;E
28/10/10;2010;OUT;EX;EX05;2;E
04/11/10;2010;NOV;EX;EX05;11;E
11/11/10;2010;NOV;EX;EX05;23;E
18/11/10;2010;NOV;EX;EX05;5;E
25/11/10;2010;NOV;EX;EX05;8;E
02/12/10;2010;DEZ;EX;EX05;140;E
09/12/10;2010;DEZ;EX;EX05;2;E
16/12/10;2010;DEZ;EX;EX05;5;E
23/12/10;2010;DEZ;EX;EX05;4;E
30/12/10;2010;DEZ;EX;EX05;8;E
07/01/10;2010;JAN;EX;EX06;2;E
14/01/10;2010;JAN;EX;EX06;130;E
21/01/10;2010;JAN;EX;EX06;9;E
28/01/10;2010;JAN;EX;EX06;130;E
04/02/10;2010;FEV;EX;EX06;23;E
11/02/10;2010;FEV;EX;EX06;8;E
18/02/10;2010;FEV;EX;EX06;14;E
25/02/10;2010;FEV;EX;EX06;23;E
04/03/10;2010;MAR;EX;EX06;17;E
11/03/10;2010;MAR;EX;EX06;34;E
18/03/10;2010;MAR;EX;EX06;2400;E
25/03/10;2010;MAR;EX;EX06;170;E
31/03/10;2010;MAR;EX;EX06;1600;I
08/04/10;2010;ABR;EX;EX06;9200;I
15/04/10;2010;ABR;EX;EX06;540;I
22/04/10;2010;ABR;EX;EX06;8;I
29/04/10;2010;ABR;EX;EX06;2;I
06/05/10;2010;MAI;EX;EX06;79;S
13/05/10;2010;MAI;EX;EX06;130;E
20/05/10;2010;MAI;EX;EX06;23;E
27/05/10;2010;MAI;EX;EX06;9;E
02/06/10;2010;JUN;EX;EX06;22;E
10/06/10;2010;JUN;EX;EX06;170;E
17/06/10;2010;JUN;EX;EX06;49;E
24/06/10;2010;JUN;EX;EX06;46;E
01/07/10;2010;JUL;EX;EX06;49;E
08/07/10;2010;JUL;EX;EX06;540;E
15/07/10;2010;JUL;EX;EX06;2400;S
22/07/10;2010;JUL;EX;EX06;79;S
29/07/10;2010;JUL;EX;EX06;920;S
05/08/10;2010;AGO;EX;EX06;7;S
12/08/10;2010;AGO;EX;EX06;70;S
19/08/10;2010;AGO;EX;EX06;7;E
26/08/10;2010;AGO;EX;EX06;2;E
02/09/10;2010;SET;EX;EX06;13;E
09/09/10;2010;SET;EX;EX06;540;E
16/09/10;2010;SET;EX;EX06;13;E
23/09/10;2010;SET;EX;EX06;8;E
30/09/10;2010;SET;EX;EX06;8;E
07/10/10;2010;OUT;EX;EX06;8;E
14/10/10;2010;OUT;EX;EX06;2;E
21/10/10;2010;OUT;EX;EX06;2;E
28/10/10;2010;OUT;EX;EX06;5;E
04/11/10;2010;NOV;EX;EX06;14;E
11/11/10;2010;NOV;EX;EX06;79;E
18/11/10;2010;NOV;EX;EX06;23;E
25/11/10;2010;NOV;EX;EX06;21;E
02/12/10;2010;DEZ;EX;EX06;280;E
09/12/10;2010;DEZ;EX;EX06;2;E
16/12/10;2010;DEZ;EX;EX06;2;E
23/12/10;2010;DEZ;EX;EX06;130;E
30/12/10;2010;DEZ;EX;EX06;33;E
